layout,workload,sample,iterations,units_per_iteration,elapsed_ns,ns_per_unit
AxisMajor,legality,0,4937,21048,69467990,0.668514
AxisMajor,turn,0,1374,5184,68529543,9.621131
AxisMajor,successors,0,1815,21048,71384530,1.868601
AxisMajor,bfs,0,109,3508,82323802,215.297673
AxisMajor,U-chain,0,39326,256,74856466,7.435490
LegacySparse,legality,0,4913,21048,72647158,0.702524
LegacySparse,turn,0,1833,5184,74927839,7.885255
LegacySparse,successors,0,2587,21048,73784499,1.355058
LegacySparse,bfs,0,138,3508,70348061,145.316009
LegacySparse,U-chain,0,111426,256,71259409,2.498134
Tuned,legality,0,4481,21048,65980991,0.699573
Tuned,turn,0,1841,5184,70990027,7.438383
Tuned,successors,0,2635,21048,72004534,1.298280
Tuned,bfs,0,136,3508,71014926,148.850791
Tuned,U-chain,0,110515,256,69697542,2.463521
AxisMajor+PEXT-table,turn,0,6344,5184,71615092,2.177591
LegacySparse+PEXT-table,turn,0,5349,5184,68839930,2.482578
Tuned+PEXT-table,turn,0,5807,5184,74106919,2.461739
LegacySparse,legality,1,4913,21048,68910541,0.666389
LegacySparse,turn,1,1833,5184,69112871,7.273300
LegacySparse,successors,1,2587,21048,72053386,1.323266
LegacySparse,bfs,1,138,3508,67944663,140.351377
LegacySparse,U-chain,1,111426,256,70317565,2.465116
Tuned,legality,1,4481,21048,63356176,0.671743
Tuned,turn,1,1841,5184,69857981,7.319767
Tuned,successors,1,2635,21048,70352220,1.268488
Tuned,bfs,1,136,3508,71674421,150.233125
Tuned,U-chain,1,110515,256,69872081,2.469690
AxisMajor+PEXT-table,turn,1,6344,5184,72419072,2.202038
LegacySparse+PEXT-table,turn,1,5349,5184,68306970,2.463357
Tuned+PEXT-table,turn,1,5807,5184,76049124,2.526256
AxisMajor,legality,1,4937,21048,69688117,0.670633
AxisMajor,turn,1,1374,5184,83965888,11.788299
AxisMajor,successors,1,1815,21048,76343925,1.998421
AxisMajor,bfs,1,109,3508,71259396,186.361439
AxisMajor,U-chain,1,39326,256,70227387,6.975684
Tuned,legality,2,4481,21048,66417924,0.704206
Tuned,turn,2,1841,5184,70676954,7.405579
Tuned,successors,2,2635,21048,72360815,1.304704
Tuned,bfs,2,136,3508,70240040,147.226591
Tuned,U-chain,2,110515,256,70281872,2.484175
AxisMajor+PEXT-table,turn,2,6344,5184,72030086,2.190210
LegacySparse+PEXT-table,turn,2,5349,5184,68104680,2.456062
Tuned+PEXT-table,turn,2,5807,5184,75444923,2.506185
AxisMajor,legality,2,4937,21048,69675315,0.670510
AxisMajor,turn,2,1374,5184,69571918,9.767474
AxisMajor,successors,2,1815,21048,69444202,1.817810
AxisMajor,bfs,2,109,3508,70184042,183.549114
AxisMajor,U-chain,2,39326,256,70388912,6.991728
LegacySparse,legality,2,4913,21048,68684435,0.664203
LegacySparse,turn,2,1833,5184,68794996,7.239847
LegacySparse,successors,2,2587,21048,70528121,1.295254
LegacySparse,bfs,2,138,3508,75247558,155.436762
LegacySparse,U-chain,2,111426,256,72171105,2.530095
AxisMajor+PEXT-table,turn,3,6344,5184,92528816,2.813512
LegacySparse+PEXT-table,turn,3,5349,5184,77920077,2.810035
Tuned+PEXT-table,turn,3,5807,5184,76034172,2.525760
AxisMajor,legality,3,4937,21048,69846019,0.672152
AxisMajor,turn,3,1374,5184,83888781,11.777474
AxisMajor,successors,3,1815,21048,76158449,1.993566
AxisMajor,bfs,3,109,3508,77329937,202.237447
AxisMajor,U-chain,3,39326,256,75194248,7.469042
LegacySparse,legality,3,4913,21048,98219083,0.949813
LegacySparse,turn,3,1833,5184,74593608,7.850081
LegacySparse,successors,3,2587,21048,76146805,1.398442
LegacySparse,bfs,3,138,3508,108416302,223.952502
LegacySparse,U-chain,3,111426,256,82288527,2.884781
Tuned,legality,3,4481,21048,67743547,0.718261
Tuned,turn,3,1841,5184,74908882,7.849004
Tuned,successors,3,2635,21048,75915578,1.368798
Tuned,bfs,3,136,3508,81365619,170.546354
Tuned,U-chain,3,110515,256,70246261,2.482916
AxisMajor,successors,4,1815,21048,69234970,1.812333
AxisMajor,bfs,4,109,3508,72592888,189.848859
AxisMajor,U-chain,4,39326,256,70906975,7.043187
LegacySparse,legality,4,4913,21048,69731155,0.674325
LegacySparse,turn,4,1833,5184,69724882,7.337706
LegacySparse,successors,4,2587,21048,69789022,1.281681
LegacySparse,bfs,4,138,3508,71820603,148.357797
LegacySparse,U-chain,4,111426,256,70557319,2.473521
Tuned,legality,4,4481,21048,63571141,0.674022
Tuned,turn,4,1841,5184,76371419,8.002249
Tuned,successors,4,2635,21048,70988902,1.279968
Tuned,bfs,4,136,3508,73350348,153.745950
Tuned,U-chain,4,110515,256,69995347,2.474047
AxisMajor+PEXT-table,turn,4,6344,5184,74740416,2.272623
LegacySparse+PEXT-table,turn,4,5349,5184,70038805,2.525813
Tuned+PEXT-table,turn,4,5807,5184,75685828,2.514188
AxisMajor,legality,4,4937,21048,70439549,0.677864
AxisMajor,turn,4,1374,5184,68810895,9.660631
LegacySparse,successors,5,2587,21048,69983837,1.285259
LegacySparse,bfs,5,138,3508,71972087,148.670713
LegacySparse,U-chain,5,111426,256,70467754,2.470381
Tuned,legality,5,4481,21048,63348641,0.671663
Tuned,turn,5,1841,5184,71881529,7.531796
Tuned,successors,5,2635,21048,71330309,1.286123
Tuned,bfs,5,136,3508,74422457,155.993144
Tuned,U-chain,5,110515,256,69774348,2.466236
AxisMajor+PEXT-table,turn,5,6344,5184,73973060,2.249290
LegacySparse+PEXT-table,turn,5,5349,5184,70718444,2.550323
Tuned+PEXT-table,turn,5,5807,5184,74443989,2.472936
AxisMajor,legality,5,4937,21048,69722536,0.670964
AxisMajor,turn,5,1374,5184,79646413,11.181871
AxisMajor,successors,5,1815,21048,73227220,1.916837
AxisMajor,bfs,5,109,3508,70631451,184.719203
AxisMajor,U-chain,5,39326,256,70308328,6.983723
LegacySparse,legality,5,4913,21048,69845457,0.675430
LegacySparse,turn,5,1833,5184,71622974,7.537458
Tuned,successors,6,2635,21048,71276376,1.285151
Tuned,bfs,6,136,3508,71312701,149.474942
Tuned,U-chain,6,110515,256,69939653,2.472079
AxisMajor+PEXT-table,turn,6,6344,5184,78504515,2.387077
LegacySparse+PEXT-table,turn,6,5349,5184,81615098,2.943289
Tuned+PEXT-table,turn,6,5807,5184,106758008,3.546367
AxisMajor,legality,6,4937,21048,81604206,0.785305
AxisMajor,turn,6,1374,5184,80039473,11.237055
AxisMajor,successors,6,1815,21048,70915117,1.856314
AxisMajor,bfs,6,109,3508,87000938,227.529573
AxisMajor,U-chain,6,39326,256,82978608,8.242262
LegacySparse,legality,6,4913,21048,112105118,1.084096
LegacySparse,turn,6,1833,5184,86298796,9.081912
LegacySparse,successors,6,2587,21048,75577969,1.387995
LegacySparse,bfs,6,138,3508,73267741,151.347109
LegacySparse,U-chain,6,111426,256,72714542,2.549146
Tuned,legality,6,4481,21048,71166424,0.754552
Tuned,turn,6,1841,5184,73699385,7.722272
Tuned+PEXT-table,turn,7,5807,5184,77217893,2.565081
AxisMajor,legality,7,4937,21048,75883843,0.730256
AxisMajor,turn,7,1374,5184,87746810,12.319118
AxisMajor,successors,7,1815,21048,104643739,2.739213
AxisMajor,bfs,7,109,3508,70905555,185.436054
AxisMajor,U-chain,7,39326,256,70558406,7.008564
LegacySparse,legality,7,4913,21048,68718899,0.664536
LegacySparse,turn,7,1833,5184,71382808,7.512183
LegacySparse,successors,7,2587,21048,70778960,1.299861
LegacySparse,bfs,7,138,3508,67876927,140.211457
LegacySparse,U-chain,7,111426,256,70490121,2.471165
Tuned,legality,7,4481,21048,62610476,0.663837
Tuned,turn,7,1841,5184,77344866,8.104248
Tuned,successors,7,2635,21048,72390940,1.305247
Tuned,bfs,7,136,3508,70907986,148.626639
Tuned,U-chain,7,110515,256,70088694,2.477347
AxisMajor+PEXT-table,turn,7,6344,5184,78016107,2.372226
LegacySparse+PEXT-table,turn,7,5349,5184,71355040,2.573280
AxisMajor,U-chain,8,39326,256,70277495,6.980661
LegacySparse,legality,8,4913,21048,68712535,0.664475
LegacySparse,turn,8,1833,5184,69300662,7.293062
LegacySparse,successors,8,2587,21048,69078972,1.268641
LegacySparse,bfs,8,138,3508,72079979,148.893583
LegacySparse,U-chain,8,111426,256,70371951,2.467022
Tuned,legality,8,4481,21048,63496076,0.673226
Tuned,turn,8,1841,5184,70095341,7.344638
Tuned,successors,8,2635,21048,72307416,1.303741
Tuned,bfs,8,136,3508,76863606,161.109913
Tuned,U-chain,8,110515,256,69640136,2.461492
AxisMajor+PEXT-table,turn,8,6344,5184,75558902,2.297510
LegacySparse+PEXT-table,turn,8,5349,5184,72201927,2.603821
Tuned+PEXT-table,turn,8,5807,5184,76423154,2.538681
AxisMajor,legality,8,4937,21048,68507726,0.659273
AxisMajor,turn,8,1374,5184,68851042,9.666267
AxisMajor,successors,8,1815,21048,69724129,1.825138
AxisMajor,bfs,8,109,3508,75916721,198.541528
